MA_CN,LOAI_TIEN,MA_TK,TEN_TK,LOAI_BT,DN_DAUKY,DC_DAUKY,SBT_NO,ST_GHINO,SBT_CO,ST_GHICO,DN_CUOIKY,DC_CUOIKY
"7808","USD","4     ","Các khoản phải trả","'C","0                      ","37.85                  ","0     ","0                      ","0     ","0                      ","0                      ","37.85                  "
"7808","USD","45    ","Các khoản phải trả cho bên ngoài","'C","0                      ","0                      ","0     ","0                      ","0     ","0                      ","0                      ","0                      "
"7808","USD","453   ","Thuế và các khoản phải nộp Nhà nước","'C","0                      ","0                      ","0     ","0                      ","0     ","0                      ","0                      ","0                      "
"7808","USD","4531  ","Thuế  giá trị gia tăng phải nộp","'C","0                      ","0                      ","0     ","0                      ","0     ","0                      ","0                      ","0                      "
"7808","USD","453101","Thuế  giá trị gia tăng phải nộp","'C","0                      ","0                      ","0     ","0                      ","0     ","0                      ","0                      ","0                      "
"7808","USD","454   ","Chuyển tiền phải trả ","'C","0                      ","0                      ","0     ","0                      ","0     ","0                      ","0                      ","0                      "
"7808","USD","4540  ","Chuyển tiền phải trả ","'C","0                      ","0                      ","0     ","0                      ","0     ","0                      ","0                      ","0                      "
"7808","USD","454001","Chuyển tiền phải trả ","'C","0                      ","0                      ","0     ","0                      ","0     ","0                      ","0                      ","0                      "
"7808","USD","47    ","Các  giao dịch ngoại hối","'B","0                      ","37.85                  ","0     ","0                      ","0     ","0                      ","0                      ","37.85                  "
"7808","USD","471   ","Mua bán ngoại tệ kinh doanh","'B","0                      ","37.85                  ","0     ","0                      ","0     ","0                      ","0                      ","37.85                  "
"7808","USD","4711  ","Mua bán ngoại tệ kinh doanh","'B","0                      ","37.85                  ","0     ","0                      ","0     ","0                      ","0                      ","37.85                  "
"7808","USD","471101","Mua bán ngoại tệ kinh doanh","'B","0                      ","37.85                  ","0     ","0                      ","0     ","0                      ","0                      ","37.85                  "
"7808","USD","5     ","Hoạt động thanh toán","'B","86                     ","48.15                  ","0     ","0                      ","0     ","0                      ","86                     ","48.15                  "
"7808","USD","51    ","Thanh  toán, chuyển tiền","'B","86                     ","48.15                  ","0     ","0                      ","0     ","0                      ","86                     ","48.15                  "
"7808","USD","519   ","Thanh toán khác giữa các đơn vị trong hệ thống Agri","'B","86                     ","48.15                  ","0     ","0                      ","0     ","0                      ","86                     ","48.15                  "
"7808","USD","5191  ","Điều chuyển vốn","'B","86                     ","0                      ","0     ","0                      ","0     ","0                      ","86                     ","0                      "
"7808","USD","519101","Điều chuyển vốn giữa Trụ sở chính với chi nhánh loạ","'B","86                     ","0                      ","0     ","0                      ","0     ","0                      ","86                     ","0                      "
"7808","USD","5192  ","Thu hộ, chi hộ","'B","0                      ","48.15                  ","0     ","0                      ","0     ","0                      ","0                      ","48.15                  "
"7808","USD","519209","Thu hộ, chi hộ khác","'B","0                      ","48.15                  ","0     ","0                      ","0     ","0                      ","0                      ","48.15                  "
"7808","USD","7     ","Thu nhập","'C","0                      ","0                      ","0     ","0                      ","0     ","0                      ","0                      ","0                      "
"7808","USD","71    ","Thu nhập phí từ hoạt động dịch vụ","'C","0                      ","0                      ","0     ","0                      ","0     ","0                      ","0                      ","0                      "
"7808","USD","711   ","Thu từ dịch vụ thanh toán","'C","0                      ","0                      ","0     ","0                      ","0     ","0                      ","0                      ","0                      "
"7808","USD","7110  ","Thu từ dịch vụ thanh toán","'C","0                      ","0                      ","0     ","0                      ","0     ","0                      ","0                      ","0                      "
"7808","USD","711034","Thu phí dịch vụ kiều hối, Western Union","'C","0                      ","0                      ","0     ","0                      ","0     ","0                      ","0                      ","0                      "
"7808","USD","74    ","Thu nhập từ hoạt động kinh doanh khác","'C","0                      ","0                      ","0     ","0                      ","0     ","0                      ","0                      ","0                      "
"7808","USD","749   ","Thu về hoạt động kinh doanh khác","'C","0                      ","0                      ","0     ","0                      ","0     ","0                      ","0                      ","0                      "
"7808","USD","7490  ","Thu về hoạt động kinh doanh khác","'C","0                      ","0                      ","0     ","0                      ","0     ","0                      ","0                      ","0                      "
"7808","USD","749005","Thu điều tiết nội bộ từ các khoản Thu hộ phí dịch v","'C","0                      ","0                      ","0     ","0                      ","0     ","0                      ","0                      ","0                      "
"7808","VND","1     ","Vỗn khả dụng và các khoản đầu tư","'D","3177726000             ","0                      ","64    ","8369943969             ","82    ","5970986969             ","5576683000             ","0                      "
"7808","VND","10    ","Tiền mặt, chứng từ có giá trị ngoại tệ, KL quý, đá ","'D","3177726000             ","0                      ","64    ","8369943969             ","82    ","5970986969             ","5576683000             ","0                      "
"7808","VND","101   ","Tiền mặt bằng đồng Việt nam","'D","3177726000             ","0                      ","64    ","8369943969             ","82    ","5970986969             ","5576683000             ","0                      "
"7808","VND","1011  ","Tiền mặt tại đơn vị","'D","3177726000             ","0                      ","64    ","8369943969             ","82    ","5970986969             ","5576683000             ","0                      "
"7808","VND","101101","Tiền mặt đã kiểm đếm","'D","3177726000             ","0                      ","64    ","8369943969             ","82    ","5970986969             ","5576683000             ","0                      "
"7808","VND","1019  ","Tiền mặt đang vận chuyển","'D","0                      ","0                      ","0     ","0                      ","0     ","0                      ","0                      ","0                      "
"7808","VND","101901","Tiền mặt đang vận chuyển","'D","0                      ","0                      ","0     ","0                      ","0     ","0                      ","0                      ","0                      "
"7808","VND","2     ","Hoạt động tín dụng","'D","161525788133           ","0                      ","71    ","67071907               ","24    ","340603106              ","161252256934           ","0                      "
"7808","VND","21    ","Cho vay các tổ chức kinh tế, cá nhân trong nước","'D","161525788133           ","0                      ","71    ","67071907               ","24    ","340603106              ","161252256934           ","0                      "
"7808","VND","211   ","Cho vay ngắn hạn ","'D","9686960068             ","0                      ","71    ","67071907               ","19    ","151003106              ","9603028869             ","0                      "
"7808","VND","2111  ","Nợ trong hạn","'D","9686960068             ","0                      ","71    ","67071907               ","19    ","151003106              ","9603028869             ","0                      "
"7808","VND","211101","Nợ cho vay ngắn hạn","'D","1693000000             ","0                      ","0     ","0                      ","0     ","0                      ","1693000000             ","0                      "
"7808","VND","211104","Cho vay thẻ tín dụng nội địa","'D","0                      ","0                      ","0     ","0                      ","0     ","0                      ","0                      ","0                      "
"7808","VND","211108","Thấu chi tài khoản tiền gửi của khách hàng","'D","7993960068             ","0                      ","71    ","67071907               ","19    ","151003106              ","7910028869             ","0                      "
"7808","VND","212   ","Cho vay trung hạn","'D","132337328065           ","0                      ","0     ","0                      ","5     ","189600000              ","132147728065           ","0                      "
"7808","VND","2121  ","Nợ trong hạn","'D","132337328065           ","0                      ","0     ","0                      ","5     ","189600000              ","132147728065           ","0                      "
"7808","VND","212101","Nợ trong hạn","'D","132337328065           ","0                      ","0     ","0                      ","5     ","189600000              ","132147728065           ","0                      "
"7808","VND","213   ","Cho vay dài hạn","'D","19501500000            ","0                      ","0     ","0                      ","0     ","0                      ","19501500000            ","0                      "
"7808","VND","2131  ","Nợ trong hạn","'D","19501500000            ","0                      ","0     ","0                      ","0     ","0                      ","19501500000            ","0                      "
"7808","VND","213101","Nợ trong hạn","'D","19501500000            ","0                      ","0     ","0                      ","0     ","0                      ","19501500000            ","0                      "
"7808","VND","3     ","Tài sản cố định và tài sản Có khác","'D","5808355748             ","5297931919             ","777   ","5411395361             ","2     ","5000019330             ","6219731779             ","5297931919             "
"7808","VND","30    ","Tài sản cố định","'D","5804424698             ","5297931919             ","0     ","0                      ","0     ","0                      ","5804424698             ","5297931919             "
"7808","VND","301   ","Tài sản cố định hữu hình","'D","5804424698             ","0                      ","0     ","0                      ","0     ","0                      ","5804424698             ","0                      "
"7808","VND","3012  ","Nhà cửa, vật kiến trúc","'D","2176279871             ","0                      ","0     ","0                      ","0     ","0                      ","2176279871             ","0                      "
"7808","VND","301201","Nhà cửa, vật kiến trúc","'D","2176279871             ","0                      ","0     ","0                      ","0     ","0                      ","2176279871             ","0                      "
"7808","VND","3013  ","Máy móc, thiết bị","'D","723468321              ","0                      ","0     ","0                      ","0     ","0                      ","723468321              ","0                      "
"7808","VND","301301","Máy vi tính và thiết bị tin học","'D","48358535               ","0                      ","0     ","0                      ","0     ","0                      ","48358535               ","0                      "
"7808","VND","301309","Máy móc, thiết bị khác ","'D","675109786              ","0                      ","0     ","0                      ","0     ","0                      ","675109786              ","0                      "
"7808","VND","3014  ","Phương tiện vận tải, thiết bị truyền dẫn","'D","2084100000             ","0                      ","0     ","0                      ","0     ","0                      ","2084100000             ","0                      "
"7808","VND","301401","Phương tiện vận tải, thiết bị truyền dẫn","'D","2084100000             ","0                      ","0     ","0                      ","0     ","0                      ","2084100000             ","0                      "
"7808","VND","3015  ","Thiết bị, dụng cụ quản lý","'D","820576506              ","0                      ","0     ","0                      ","0     ","0                      ","820576506              ","0                      "
"7808","VND","301501","Thiết bị, dụng cụ quản lý","'D","820576506              ","0                      ","0     ","0                      ","0     ","0                      ","820576506              ","0                      "
"7808","VND","305   ","Hao mòn tài sản cố định","'C","0                      ","5297931919             ","0     ","0                      ","0     ","0                      ","0                      ","5297931919             "
"7808","VND","3051  ","Hao mòn tài sản cố định hữu hình","'C","0                      ","5297931919             ","0     ","0                      ","0     ","0                      ","0                      ","5297931919             "
"7808","VND","305101","Hao mòn tài sản cố định hữu hình","'C","0                      ","5297931919             ","0     ","0                      ","0     ","0                      ","0                      ","5297931919             "
"7808","VND","31    ","Tài sản khác","'D","1266378                ","0                      ","0     ","0                      ","1     ","19330                  ","1247048                ","0                      "
"7808","VND","311   ","Công cụ, dụng cụ","'D","0                      ","0                      ","0     ","0                      ","0     ","0                      ","0                      ","0                      "
"7808","VND","3110  ","Công cụ, dụng cụ","'D","0                      ","0                      ","0     ","0                      ","0     ","0                      ","0                      ","0                      "
"7808","VND","311001","Công cụ, dụng cụ","'D","0                      ","0                      ","0     ","0                      ","0     ","0                      ","0                      ","0                      "
"7808","VND","313   ","Vật liệu","'D","1266378                ","0                      ","0     ","0                      ","1     ","19330                  ","1247048                ","0                      "
"7808","VND","3130  ","Vật liệu","'D","1266378                ","0                      ","0     ","0                      ","1     ","19330                  ","1247048                ","0                      "
"7808","VND","313001","Giấy tờ in quan trọng","'D","1266378                ","0                      ","0     ","0                      ","1     ","19330                  ","1247048                ","0                      "
"7808","VND","313009","Vật liệu khác","'D","0                      ","0                      ","0     ","0                      ","0     ","0                      ","0                      ","0                      "
"7808","VND","35    ","Các khoản phải thu bên ngoài","'D","2664672                ","0                      ","2     ","5000640000             ","1     ","5000000000             ","3304672                ","0                      "
"7808","VND","353   ","Thanh toán với Ngân sách Nhà nước","'D","1449672                ","0                      ","1     ","640000                 ","0     ","0                      ","2089672                ","0                      "
"7808","VND","3532  ","Thuế giá trị gia tăng đầu vào","'D","1449672                ","0                      ","1     ","640000                 ","0     ","0                      ","2089672                ","0                      "
"7808","VND","353201","Thuế giá trị gia tăng đầu vào","'D","1449672                ","0                      ","1     ","640000                 ","0     ","0                      ","2089672                ","0                      "
"7808","VND","359   ","Các khoản khác phải thu","'D","1215000                ","0                      ","1     ","5000000000             ","1     ","5000000000             ","1215000                ","0                      "
"7808","VND","3592  ","Phải thu khác","'D","1215000                ","0                      ","1     ","5000000000             ","1     ","5000000000             ","1215000                ","0                      "
"7808","VND","359209","Các khoản khác phải thu","'D","1215000                ","0                      ","1     ","5000000000             ","1     ","5000000000             ","1215000                ","0                      "
"7808","VND","38    ","Các tài sản Có khác","'D","0                      ","0                      ","8     ","95327471               ","0     ","0                      ","95327471               ","0                      "
"7808","VND","388   ","Chi phí chờ phân bổ","'D","0                      ","0                      ","8     ","95327471               ","0     ","0                      ","95327471               ","0                      "
"7808","VND","3880  ","Chi phí chờ phân bổ","'D","0                      ","0                      ","8     ","95327471               ","0     ","0                      ","95327471               ","0                      "
"7808","VND","388001","Chi phí chờ phân bổ","'D","0                      ","0                      ","8     ","95327471               ","0     ","0                      ","95327471               ","0                      "
"7808","VND","39    ","Lãi và phí phải thu","'D","0                      ","0                      ","767   ","315427890              ","0     ","0                      ","315427890              ","0                      "
"7808","VND","394   ","Lãi phải thu từ hoạt động tín dụng","'D","0                      ","0                      ","767   ","315427890              ","0     ","0                      ","315427890              ","0                      "
"7808","VND","3941  ","Lãi phải thu từ cho vay ","'D","0                      ","0                      ","767   ","315427890              ","0     ","0                      ","315427890              ","0                      "
"7808","VND","394101","Lãi phải thu từ cho vay ngắn hạn","'D","0                      ","0                      ","115   ","55554735               ","0     ","0                      ","55554735               ","0                      "
"7808","VND","394102","Lãi phải thu từ cho vay trung hạn","'D","0                      ","0                      ","622   ","189761867              ","0     ","0                      ","189761867              ","0                      "
"7808","VND","394103","Lãi phải thu từ cho vay dài hạn","'D","0                      ","0                      ","30    ","70111288               ","0     ","0                      ","70111288               ","0                      "
"7808","VND","4     ","Các khoản phải trả","'C","984496                 ","174106940360           ","2615  ","43076788632            ","6749  ","44491671842            ","987128                 ","175521826202           "
"7808","VND","40    ","Các khoản Nợ Chính phủ và Ngân hàng Nhà nước","'C","0                      ","0                      ","61    ","13226188420            ","12    ","13363764768            ","0                      ","137576348              "
"7808","VND","401   ","Tiền gửi của Kho bạc Nhà nước","'C","0                      ","0                      ","61    ","13226188420            ","12    ","13363764768            ","0                      ","137576348              "
"7808","VND","4010  ","Tiền gửi của Kho bạc Nhà nước","'C","0                      ","0                      ","61    ","13226188420            ","12    ","13363764768            ","0                      ","137576348              "
"7808","VND","401001","Tiền gửi của Kho bạc Nhà nước ","'C","0                      ","0                      ","61    ","13226188420            ","12    ","13363764768            ","0                      ","137576348              "
"7808","VND","41    ","Các khoản nợ các tổ chức tài chính, tổ chức tín dụn","'C","0                      ","272475239              ","8     ","31768310               ","1     ","87900                  ","0                      ","240794829              "
"7808","VND","411   ","Tiền gửi của các TCTD trong nước ","'C","0                      ","272475239              ","8     ","31768310               ","1     ","87900                  ","0                      ","240794829              "
"7808","VND","4111  ","Tiền gửi không kỳ hạn","'C","0                      ","272475239              ","8     ","31768310               ","1     ","87900                  ","0                      ","240794829              "
"7808","VND","411101","Tiền gửi không kỳ hạn","'C","0                      ","272475239              ","8     ","31768310               ","1     ","87900                  ","0                      ","240794829              "
"7808","VND","42    ","Tiền gửi của khách hàng","'C","0                      ","169822256157           ","2388  ","13774710402            ","5349  ","17567543840            ","0                      ","173615089595           "
"7808","VND","421   ","Tiền gửi của khách hàng trong nước ","'C","0                      ","87760374847            ","2384  ","13026995402            ","5341  ","16763843840            ","0                      ","91497223285            "
"7808","VND","4211  ","Tiền gửi không kỳ hạn","'C","0                      ","64852136908            ","2378  ","12852896802            ","5335  ","16631620740            ","0                      ","68630860846            "
"7808","VND","421101","Tiền gửi không kỳ hạn","'C","0                      ","64852136908            ","2378  ","12852896802            ","5335  ","16631620740            ","0                      ","68630860846            "
"7808","VND","4212  ","Tiền gửi có kỳ hạn","'C","0                      ","22908237939            ","6     ","174098600              ","6     ","132223100              ","0                      ","22866362439            "
"7808","VND","421201","Tiền gửi có kỳ hạn dưới 12 tháng","'C","0                      ","11059999807            ","6     ","174098600              ","6     ","132223100              ","0                      ","11018124307            "
"7808","VND","421202","Tiền gửi có kỳ hạn từ 12 tháng đến dưới 24 tháng","'C","0                      ","11625238132            ","0     ","0                      ","0     ","0                      ","0                      ","11625238132            "
"7808","VND","421203","Tiền gửi có kỳ hạn từ 24 tháng trở lên","'C","0                      ","223000000              ","0     ","0                      ","0     ","0                      ","0                      ","223000000              "
"7808","VND","423   ","Tiền gửi tiết kiệm","'C","0                      ","79935065417            ","4     ","747715000              ","8     ","803700000              ","0                      ","79991050417            "
"7808","VND","4232  ","Tiền gửi tiết kiệm có kỳ hạn","'C","0                      ","77805970418            ","3     ","680000000              ","6     ","783000000              ","0                      ","77908970418            "
"7808","VND","423201","Tiền gửi tiết kiệm có kỳ hạn dưới 12 tháng","'C","0                      ","27530115718            ","2     ","580000000              ","2     ","560000000              ","0                      ","27510115718            "
"7808","VND","423202","Tiền gửi tiết kiệm có kỳ hạn từ 12 tháng đến dưới 2","'C","0                      ","50275854700            ","1     ","100000000              ","4     ","223000000              ","0                      ","50398854700            "
"7808","VND","423203","Tiền gửi tiết kiệm có kỳ hạn từ 24 tháng trở lên","'C","0                      ","0                      ","0     ","0                      ","0     ","0                      ","0                      ","0                      "
"7808","VND","4238  ","Tiền gửi tiết kiệm khác","'C","0                      ","2129094999             ","1     ","67715000               ","2     ","20700000               ","0                      ","2082079999             "
"7808","VND","423804","Tiết kiệm gửi góp từ 12 tháng đến dưới 24 tháng","'C","0                      ","2118094999             ","1     ","67715000               ","2     ","20700000               ","0                      ","2071079999             "
"7808","VND","423805","Tiết kiệm gửi góp từ 24 tháng trở lên","'C","0                      ","11000000               ","0     ","0                      ","0     ","0                      ","0                      ","11000000               "
"7808","VND","427   ","Tiền ký quỹ ","'C","0                      ","2126815893             ","0     ","0                      ","0     ","0                      ","0                      ","2126815893             "
"7808","VND","4274  ","Ký quỹ bảo lãnh","'C","0                      ","2126815893             ","0     ","0                      ","0     ","0                      ","0                      ","2126815893             "
"7808","VND","427401","Ký quỹ bảo lãnh","'C","0                      ","2126815893             ","0     ","0                      ","0     ","0                      ","0                      ","2126815893             "
"7808","VND","45    ","Các khoản phải trả cho bên ngoài","'C","0                      ","3938320964             ","157   ","16044118868            ","225   ","12152177856            ","0                      ","46379952               "
"7808","VND","453   ","Thuế và các khoản phải nộp Nhà nước","'C","0                      ","13854205               ","89    ","561367                 ","180   ","795114                 ","0                      ","14087952               "
"7808","VND","4531  ","Thuế  giá trị gia tăng phải nộp","'C","0                      ","11576784               ","89    ","561367                 ","180   ","795114                 ","0                      ","11810531               "
"7808","VND","453101","Thuế  giá trị gia tăng phải nộp","'C","0                      ","11576784               ","89    ","561367                 ","180   ","795114                 ","0                      ","11810531               "
"7808","VND","4538  ","Các loại thuế khác","'C","0                      ","2277421                ","0     ","0                      ","0     ","0                      ","0                      ","2277421                "
"7808","VND","453801","Các loại thuế khác","'C","0                      ","2277421                ","0     ","0                      ","0     ","0                      ","0                      ","2277421                "
"7808","VND","4539  ","Các khoản phải nộp khác","'C","0                      ","0                      ","0     ","0                      ","0     ","0                      ","0                      ","0                      "
"7808","VND","453999","Nộp thuế điện tử","'C","0                      ","0                      ","0     ","0                      ","0     ","0                      ","0                      ","0                      "
"7808","VND","454   ","Chuyển tiền phải trả ","'C","0                      ","1944300500             ","19    ","4546251600             ","10    ","2634243100             ","0                      ","32292000               "
"7808","VND","4540  ","Chuyển tiền phải trả ","'C","0                      ","1944300500             ","19    ","4546251600             ","10    ","2634243100             ","0                      ","32292000               "
"7808","VND","454001","Chuyển tiền phải trả ","'C","0                      ","1944300500             ","19    ","4546251600             ","10    ","2634243100             ","0                      ","32292000               "
"7808","VND","459   ","Các khoản chờ thanh toán khác","'C","0                      ","1980166259             ","49    ","11497305901            ","35    ","9517139642             ","0                      ","0                      "
"7808","VND","4599  ","Các khoản chờ thanh toán khác","'C","0                      ","1980166259             ","49    ","11497305901            ","35    ","9517139642             ","0                      ","0                      "
"7808","VND","459901","Các khoản chờ thanh toán khác","'C","0                      ","1980166259             ","49    ","11497305901            ","35    ","9517139642             ","0                      ","0                      "
"7808","VND","459907","Các khoản phải trả về thu NSNN với KBNN","'C","0                      ","0                      ","0     ","0                      ","0     ","0                      ","0                      ","0                      "
"7808","VND","459909","Các khoản phải trả bên ngoài khác","'C","0                      ","0                      ","0     ","0                      ","0     ","0                      ","0                      ","0                      "
"7808","VND","46    ","Các khoản phải trả nội bộ","'C","0                      ","20410000               ","0     ","0                      ","0     ","0                      ","0                      ","20410000               "
"7808","VND","461   ","Thừa quỹ, tài sản thừa chờ xử lý","'C","0                      ","8200000                ","0     ","0                      ","0     ","0                      ","0                      ","8200000                "
"7808","VND","4610  ","Thừa quỹ, tài sản thừa chờ xử lý","'C","0                      ","8200000                ","0     ","0                      ","0     ","0                      ","0                      ","8200000                "
"7808","VND","461001","Thừa quỹ, tài sản thừa chờ xử lý","'C","0                      ","8200000                ","0     ","0                      ","0     ","0                      ","0                      ","8200000                "
"7808","VND","462   ","Các khoản phải trả cho cán bộ, nhân viên ","'C","0                      ","12210000               ","0     ","0                      ","0     ","0                      ","0                      ","12210000               "
"7808","VND","4620  ","Các khoản phải trả cho cán bộ, nhân viên ","'C","0                      ","12210000               ","0     ","0                      ","0     ","0                      ","0                      ","12210000               "
"7808","VND","462001","Các khoản phải trả cho cán bộ, nhân viên ","'C","0                      ","12210000               ","0     ","0                      ","0     ","0                      ","0                      ","12210000               "
"7808","VND","47    ","Các  giao dịch ngoại hối","'B","984496                 ","0                      ","1     ","2632                   ","0     ","0                      ","987128                 ","0                      "
"7808","VND","471   ","Mua bán ngoại tệ kinh doanh","'B","984496                 ","0                      ","1     ","2632                   ","0     ","0                      ","987128                 ","0                      "
"7808","VND","4711  ","Mua bán ngoại tệ kinh doanh","'B","984496                 ","0                      ","1     ","2632                   ","0     ","0                      ","987128                 ","0                      "
"7808","VND","471101","Mua bán ngoại tệ kinh doanh","'B","984496                 ","0                      ","1     ","2632                   ","0     ","0                      ","987128                 ","0                      "
"7808","VND","48    ","Các tài sản Nợ khác","'C","0                      ","53478000               ","0     ","0                      ","36    ","21819291               ","0                      ","75297291               "
"7808","VND","484   ","Quỹ K.T, phúc lợi và thưởng Ban QLĐH","'C","0                      ","53478000               ","0     ","0                      ","0     ","0                      ","0                      ","53478000               "
"7808","VND","4841  ","Quỹ khen thưởng","'C","0                      ","53478000               ","0     ","0                      ","0     ","0                      ","0                      ","53478000               "
"7808","VND","484101","Quỹ khen thưởng","'C","0                      ","53478000               ","0     ","0                      ","0     ","0                      ","0                      ","53478000               "
"7808","VND","488   ","Doanh thu chờ phân bổ","'C","0                      ","0                      ","0     ","0                      ","36    ","21819291               ","0                      ","21819291               "
"7808","VND","4880  ","Doanh thu chờ phân bổ","'C","0                      ","0                      ","0     ","0                      ","36    ","21819291               ","0                      ","21819291               "
"7808","VND","488001","Doanh thu chờ phân bổ","'C","0                      ","0                      ","0     ","0                      ","36    ","21819291               ","0                      ","21819291               "
"7808","VND","49    ","Lãi và phí phải trả","'C","0                      ","0                      ","0     ","0                      ","1126  ","1386278187             ","0                      ","1386278187             "
"7808","VND","491   ","Lãi phải trả cho tiền gửi","'C","0                      ","0                      ","0     ","0                      ","1126  ","1386278187             ","0                      ","1386278187             "
"7808","VND","4911  ","Lãi phải trả cho tiền gửi ","'C","0                      ","0                      ","0     ","0                      ","456   ","264148115              ","0                      ","264148115              "
"7808","VND","491101","Lãi phải trả cho tiền gửi ","'C","0                      ","0                      ","0     ","0                      ","456   ","264148115              ","0                      ","264148115              "
"7808","VND","4913  ","Lãi phải trả cho tiền gửi tiết kiệm ","'C","0                      ","0                      ","0     ","0                      ","670   ","1122130072             ","0                      ","1122130072             "
"7808","VND","491301","Lãi phải trả cho tiền gửi tiết kiệm ","'C","0                      ","0                      ","0     ","0                      ","670   ","1122130072             ","0                      ","1122130072             "
"7808","VND","5     ","Hoạt động thanh toán","'B","14547146731            ","2011769938             ","949   ","18143721138            ","1719  ","20463230076            ","14547146731            ","4331278876             "
"7808","VND","51    ","Thanh  toán, chuyển tiền","'B","14547146731            ","2011769938             ","949   ","18143721138            ","1719  ","20463230076            ","14547146731            ","4331278876             "
"7808","VND","519   ","Thanh toán khác giữa các đơn vị trong hệ thống Agri","'B","14547146731            ","2011769938             ","949   ","18143721138            ","1719  ","20463230076            ","14547146731            ","4331278876             "
"7808","VND","5191  ","Điều chuyển vốn","'B","14547146731            ","2011769938             ","940   ","18130497138            ","1706  ","20450006076            ","14547146731            ","4331278876             "
"7808","VND","519101","Điều chuyển vốn giữa Trụ sở chính với chi nhánh loạ","'B","0                      ","1505277159             ","940   ","18130497138            ","1706  ","20450006076            ","0                      ","3824786097             "
"7808","VND","519105","ĐCV giá trị còn lại TSCĐ giữa TSC với CN loại I,II","'B","0                      ","506492779              ","0     ","0                      ","0     ","0                      ","0                      ","506492779              "
"7808","VND","519123","ĐCV DTBB giữa  CN loại I, loại II với đơn vị trực t","'B","791146731              ","0                      ","0     ","0                      ","0     ","0                      ","791146731              ","0                      "
"7808","VND","519126","Quỹ thanh toán tập trung giữa CN loại I,II với ĐV t","'B","10709000000            ","0                      ","0     ","0                      ","0     ","0                      ","10709000000            ","0                      "
"7808","VND","519129","Điều chuyển vốn khác giữa CN loại I,II với ĐV trực ","'B","3047000000             ","0                      ","0     ","0                      ","0     ","0                      ","3047000000             ","0                      "
"7808","VND","5199  ","Thanh toán khác ","'B","0                      ","0                      ","9     ","13224000               ","13    ","13224000               ","0                      ","0                      "
"7808","VND","519908","Tài khoản trung gian cho giao dịch cùng chi nhánh O","'B","0                      ","0                      ","9     ","13224000               ","13    ","13224000               ","0                      ","0                      "
"7808","VND","6     ","Nguồn vốn chủ sở hữu","'C","0                      ","-48512                 ","0     ","0                      ","1     ","2632                   ","0                      ","-45880                 "
"7808","VND","63    ","Chênh lệch tỷ giá hối đoái, vàng bạc đá quý","'C","0                      ","-48512                 ","0     ","0                      ","1     ","2632                   ","0                      ","-45880                 "
"7808","VND","631   ","Chênh lệch tỷ giá hối đoái","'C","0                      ","-48512                 ","0     ","0                      ","1     ","2632                   ","0                      ","-45880                 "
"7808","VND","6311  ","Chênh lệch tỷ giá hối đoái đánh giá lại vào thời đi","'C","0                      ","-48512                 ","0     ","0                      ","1     ","2632                   ","0                      ","-45880                 "
"7808","VND","631101","Chênh lệch tỷ giá hối đoái đánh giá lại vào thời đi","'C","0                      ","-48512                 ","0     ","0                      ","1     ","2632                   ","0                      ","-45880                 "
"7808","VND","69    ","Lợi nhuận chưa phân phối","'C","0                      ","0                      ","0     ","0                      ","0     ","0                      ","0                      ","0                      "
"7808","VND","692   ","Lợi nhuận năm trước","'C","0                      ","0                      ","0     ","0                      ","0     ","0                      ","0                      ","0                      "
"7808","VND","6920  ","Lợi nhuận năm trước","'C","0                      ","0                      ","0     ","0                      ","0     ","0                      ","0                      ","0                      "
"7808","VND","692001","Lợi nhuận năm trước","'C","0                      ","0                      ","0     ","0                      ","0     ","0                      ","0                      ","0                      "
"7808","VND","7     ","Thu nhập","'C","0                      ","11353567783            ","1312  ","1748411376             ","905   ","907159358              ","0                      ","10512315765            "
"7808","VND","70    ","Thu nhập từ hoạt động tín dụng","'C","0                      ","9038831185             ","780   ","353032011              ","807   ","887879554              ","0                      ","9573678728             "
"7808","VND","702   ","Thu lãi cho vay ","'C","0                      ","9017255188             ","746   ","333011569              ","807   ","887879554              ","0                      ","9572123173             "
"7808","VND","7020  ","Thu lãi cho vay ","'C","0                      ","9017255188             ","746   ","333011569              ","807   ","887879554              ","0                      ","9572123173             "
"7808","VND","702001","Thu lãi cho vay ngắn hạn","'C","0                      ","381259727              ","137   ","57974504               ","143   ","58065071               ","0                      ","381350294              "
"7808","VND","702002","Thu lãi cho vay trung hạn","'C","0                      ","5843403844             ","596   ","236201973              ","631   ","200239319              ","0                      ","5807441190             "
"7808","VND","702003","Thu lãi cho vay dài hạn","'C","0                      ","465910929              ","13    ","38835092               ","32    ","78161151               ","0                      ","505236988              "
"7808","VND","702010","Thu nhập bán vốn","'C","0                      ","2325188135             ","0     ","0                      ","1     ","551414013              ","0                      ","2876602148             "
"7808","VND","702014","Thu lãi cho vay thẻ tín dụng","'C","0                      ","1492553                ","0     ","0                      ","0     ","0                      ","0                      ","1492553                "
"7808","VND","704   ","Thu từ nghiệp vụ bảo lãnh","'C","0                      ","21575997               ","34    ","20020442               ","0     ","0                      ","0                      ","1555555                "
"7808","VND","7040  ","Thu từ nghiệp vụ bảo lãnh","'C","0                      ","21575997               ","34    ","20020442               ","0     ","0                      ","0                      ","1555555                "
"7808","VND","704003","Thu từ nghiệp vụ bảo lãnh thực hiện hợp đồng","'C","0                      ","508536                 ","1     ","256157                 ","0     ","0                      ","0                      ","252379                 "
"7808","VND","704005","Thu từ nghiệp vụ bảo lãnh đảm bảo chất lượng","'C","0                      ","21067461               ","33    ","19764285               ","0     ","0                      ","0                      ","1303176                "
"7808","VND","71    ","Thu nhập phí từ hoạt động dịch vụ","'C","0                      ","798111398              ","1     ","20000                  ","93    ","2957483                ","0                      ","801048881              "
"7808","VND","711   ","Thu từ dịch vụ thanh toán","'C","0                      ","668940912              ","0     ","0                      ","91    ","2337483                ","0                      ","671278395              "
"7808","VND","7110  ","Thu từ dịch vụ thanh toán","'C","0                      ","668940912              ","0     ","0                      ","91    ","2337483                ","0                      ","671278395              "
"7808","VND","711001","Thu từ dịch vụ chuyển tiền trong nước","'C","0                      ","35261727               ","0     ","0                      ","34    ","2032258                ","0                      ","37293985               "
"7808","VND","711015","Thu phí rút, ứng tiền mặt thẻ nội địa ","'C","0                      ","9041000                ","0     ","0                      ","39    ","37000                  ","0                      ","9078000                "
"7808","VND","711016","Thu phí rút, ứng tiền mặt thẻ quốc tế ","'C","0                      ","27000                  ","0     ","0                      ","0     ","0                      ","0                      ","27000                  "
"7808","VND","711022","Thu phí phát hành thẻ nội địa","'C","0                      ","8575000                ","0     ","0                      ","1     ","50000                  ","0                      ","8625000                "
"7808","VND","711023","Thu phí phát hành thẻ ghi nợ quốc tế ","'C","0                      ","200000                 ","0     ","0                      ","0     ","0                      ","0                      ","200000                 "
"7808","VND","711026","Thu phí thường niên thẻ nội địa","'C","0                      ","38760000               ","0     ","0                      ","0     ","0                      ","0                      ","38760000               "
"7808","VND","711027","Thu phí thường niên thẻ ghi nợ quốc tế ","'C","0                      ","800000                 ","0     ","0                      ","0     ","0                      ","0                      ","800000                 "
"7808","VND","711034","Thu phí dịch vụ kiều hối, Western Union","'C","0                      ","206510                 ","0     ","0                      ","0     ","0                      ","0                      ","206510                 "
"7808","VND","711035","Thu từ dịch vụ thu hộ, chi hộ, uỷ nhiệm thanh toán","'C","0                      ","564010                 ","0     ","0                      ","1     ","151725                 ","0                      ","715735                 "
"7808","VND","711036","Thu phí duy trì dịch vụ Mobile Banking","'C","0                      ","310126000              ","0     ","0                      ","0     ","0                      ","0                      ","310126000              "
"7808","VND","711037","Thu phí xử lý giao dịch, phí khác về dịch vụ Mobile","'C","0                      ","43267000               ","0     ","0                      ","13    ","36500                  ","0                      ","43303500               "
"7808","VND","711042","Thu phí dịch vụ thanh toán hóa đơn","'C","0                      ","1360000                ","0     ","0                      ","0     ","0                      ","0                      ","1360000                "
"7808","VND","711044","Thu phí dịch vụ thu ngân sách Nhà nước","'C","0                      ","81572221               ","0     ","0                      ","0     ","0                      ","0                      ","81572221               "
"7808","VND","711051","Thu phí v.tin sdư Tk, hạn mức t.dụng, phí in sao kê","'C","0                      ","166500                 ","0     ","0                      ","0     ","0                      ","0                      ","166500                 "
"7808","VND","711059","Thu khác về nghiệp vụ thẻ","'C","0                      ","1012500                ","0     ","0                      ","3     ","30000                  ","0                      ","1042500                "
"7808","VND","711098","Thu lệ phí hoa hồng và các dịch vụ thanh toán trong","'C","0                      ","138001444              ","0     ","0                      ","0     ","0                      ","0                      ","138001444              "
"7808","VND","713   ","Thu từ dịch vụ ngân quỹ","'C","0                      ","3872986                ","0     ","0                      ","0     ","0                      ","0                      ","3872986                "
"7808","VND","7130  ","Thu từ dịch vụ ngân quỹ","'C","0                      ","3872986                ","0     ","0                      ","0     ","0                      ","0                      ","3872986                "
"7808","VND","713001","Thu từ dịch vụ ngân quỹ","'C","0                      ","3872986                ","0     ","0                      ","0     ","0                      ","0                      ","3872986                "
"7808","VND","719   ","Thu khác","'C","0                      ","125297500              ","1     ","20000                  ","2     ","620000                 ","0                      ","125897500              "
"7808","VND","7190  ","Thu khác","'C","0                      ","125297500              ","1     ","20000                  ","2     ","620000                 ","0                      ","125897500              "
"7808","VND","719008","Thu khác - dịch vụ chịu thuế","'C","0                      ","7850000                ","1     ","20000                  ","1     ","20000                  ","0                      ","7850000                "
"7808","VND","719009","Thu khác - dịch vụ không chịu thuế","'C","0                      ","117447500              ","0     ","0                      ","1     ","600000                 ","0                      ","118047500              "
"7808","VND","72    ","Thu nhập từ hoạt động kinh doanh ngoại hối","'C","0                      ","461954                 ","0     ","0                      ","0     ","0                      ","0                      ","461954                 "
"7808","VND","721   ","Thu  về kinh doanh ngoại tệ","'C","0                      ","461954                 ","0     ","0                      ","0     ","0                      ","0                      ","461954                 "
"7808","VND","7210  ","Thu  về kinh doanh ngoại tệ","'C","0                      ","461954                 ","0     ","0                      ","0     ","0                      ","0                      ","461954                 "
"7808","VND","721001","Thu  về kinh doanh ngoại tệ","'C","0                      ","461954                 ","0     ","0                      ","0     ","0                      ","0                      ","461954                 "
"7808","VND","74    ","Thu nhập từ hoạt động kinh doanh khác","'C","0                      ","78163822               ","0     ","0                      ","3     ","16321288               ","0                      ","94485110               "
"7808","VND","749   ","Thu về hoạt động kinh doanh khác","'C","0                      ","78163822               ","0     ","0                      ","3     ","16321288               ","0                      ","94485110               "
"7808","VND","7490  ","Thu về hoạt động kinh doanh khác","'C","0                      ","78163822               ","0     ","0                      ","3     ","16321288               ","0                      ","94485110               "
"7808","VND","749004","Thu điều tiết nội bộ phí dịch vụ ngân quỹ","'C","0                      ","0                      ","0     ","0                      ","2     ","16314288               ","0                      ","16314288               "
"7808","VND","749005","Thu điều tiết nội bộ từ các khoản Thu hộ phí dịch v","'C","0                      ","78163822               ","0     ","0                      ","1     ","7000                   ","0                      ","78170822               "
"7808","VND","79    ","Thu nhập khác","'C","0                      ","1437999424             ","531   ","1395359365             ","2     ","1033                   ","0                      ","42641092               "
"7808","VND","790   ","Thu nhập khác","'C","0                      ","1437999424             ","531   ","1395359365             ","2     ","1033                   ","0                      ","42641092               "
"7808","VND","7900  ","Thu nhập khác","'C","0                      ","1437999424             ","531   ","1395359365             ","2     ","1033                   ","0                      ","42641092               "
"7808","VND","790001","Thu từ  hoàn nhập quỹ dự phòng rủi ro","'C","0                      ","25305782               ","0     ","0                      ","0     ","0                      ","0                      ","25305782               "
"7808","VND","790002","Thu nợ đã xử lý rủi ro","'C","0                      ","11866000               ","0     ","0                      ","0     ","0                      ","0                      ","11866000               "
"7808","VND","790003","Lãi dự chi kỳ trước","'C","0                      ","1395359365             ","531   ","1395359365             ","0     ","0                      ","0                      ","0                      "
"7808","VND","790005","Thu lãi nợ ngắn hạn đã xử lý rủi ro","'C","0                      ","2966661                ","0     ","0                      ","0     ","0                      ","0                      ","2966661                "
"7808","VND","790008","Thu nhập khác","'C","0                      ","27849                  ","0     ","0                      ","0     ","0                      ","0                      ","27849                  "
"7808","VND","790009","Thu nhập bất thường  ","'C","0                      ","2473767                ","0     ","0                      ","2     ","1033                   ","0                      ","2474800                "
"7808","VND","8     ","Chi phí","'D","7710160380             ","0                      ","4859  ","2178192513             ","1280  ","1821851583             ","8066501310             ","0                      "
"7808","VND","80    ","Chi phí hoạt động tín dụng","'D","4841727666             ","0                      ","4856  ","2060546788             ","531   ","1395359365             ","5506915089             ","0                      "
"7808","VND","801   ","Trả lãi tiền gửi ","'D","1708691450             ","0                      ","4854  ","1410247140             ","531   ","1395359365             ","1723579225             ","0                      "
"7808","VND","8010  ","Trả lãi tiền gửi ","'D","1708691450             ","0                      ","4854  ","1410247140             ","531   ","1395359365             ","1723579225             ","0                      "
"7808","VND","801001","Trả lãi tiền gửi không kì hạn TCTD","'D","360700                 ","0                      ","1     ","87900                  ","0     ","0                      ","448600                 ","0                      "
"7808","VND","801003","Trả lãi tiền gửi không kì hạn TCKT và cá nhân","'D","60556792               ","0                      ","3718  ","12197451               ","0     ","0                      ","72754243               ","0                      "
"7808","VND","801004","Trả lãi tiền gửi có kì hạn TCKT và cá nhân","'D","305950861              ","0                      ","461   ","264273047              ","116   ","238539661              ","331684247              ","0                      "
"7808","VND","801006","Trả lãi tiền gửi tiết kiệm có kì hạn dưới 12 tháng","'D","372472570              ","0                      ","253   ","158188028              ","158   ","195281284              ","335379314              ","0                      "
"7808","VND","801007","Trả lãi tiền gửi tiết kiệm từ 12 tháng trở lên","'D","968400758              ","0                      ","421   ","975500714              ","257   ","961538420              ","982363052              ","0                      "
"7808","VND","801099","Trả lãi tiền gửi khác","'D","949769                 ","0                      ","0     ","0                      ","0     ","0                      ","949769                 ","0                      "
"7808","VND","802   ","Trả lãi tiền vay","'D","3131701904             ","0                      ","1     ","650280318              ","0     ","0                      ","3781982222             ","0                      "
"7808","VND","8020  ","Trả lãi tiền vay","'D","3131701904             ","0                      ","1     ","650280318              ","0     ","0                      ","3781982222             ","0                      "
"7808","VND","802010","Chi phí mua vốn","'D","3131701904             ","0                      ","1     ","650280318              ","0     ","0                      ","3781982222             ","0                      "
"7808","VND","809   ","Chi phí khác cho hoạt động tín dụng","'D","1334312                ","0                      ","1     ","19330                  ","0     ","0                      ","1353642                ","0                      "
"7808","VND","8090  ","Chi phí khác cho hoạt động tín dụng","'D","1334312                ","0                      ","1     ","19330                  ","0     ","0                      ","1353642                ","0                      "
"7808","VND","809009","Chi phí khác","'D","1334312                ","0                      ","1     ","19330                  ","0     ","0                      ","1353642                ","0                      "
"7808","VND","81    ","Chi  phí hoạt động dịch vụ","'D","181154829              ","0                      ","1     ","1104081                ","0     ","0                      ","182258910              ","0                      "
"7808","VND","812   ","  Cước phí bưu điện về mạng viễn thông","'D","25986546               ","0                      ","0     ","0                      ","0     ","0                      ","25986546               ","0                      "
"7808","VND","8120  ","  Cước phí bưu điện về mạng viễn thông","'D","25986546               ","0                      ","0     ","0                      ","0     ","0                      ","25986546               ","0                      "
"7808","VND","812001","Cước phí bưu điện về mạng viễn thông","'D","25986546               ","0                      ","0     ","0                      ","0     ","0                      ","25986546               ","0                      "
"7808","VND","813   ","  Chi về ngân quỹ","'D","62477884               ","0                      ","0     ","0                      ","0     ","0                      ","62477884               ","0                      "
"7808","VND","8131  ","Vận chuyển, bốc xếp tiền","'D","25879480               ","0                      ","0     ","0                      ","0     ","0                      ","25879480               ","0                      "
"7808","VND","813101","Vận chuyển, bốc xếp tiền","'D","25879480               ","0                      ","0     ","0                      ","0     ","0                      ","25879480               ","0                      "
"7808","VND","8132  ","Kiểm đếm , phân loại và đóng gói tiền","'D","1365000                ","0                      ","0     ","0                      ","0     ","0                      ","1365000                ","0                      "
"7808","VND","813201","Kiểm đếm , phân loại và đóng gói tiền","'D","1365000                ","0                      ","0     ","0                      ","0     ","0                      ","1365000                ","0                      "
"7808","VND","8133  ","Bảo vệ tiền","'D","22500000               ","0                      ","0     ","0                      ","0     ","0                      ","22500000               ","0                      "
"7808","VND","813301","Bảo vệ tiền","'D","22500000               ","0                      ","0     ","0                      ","0     ","0                      ","22500000               ","0                      "
"7808","VND","8139  ","Chi khác","'D","12733404               ","0                      ","0     ","0                      ","0     ","0                      ","12733404               ","0                      "
"7808","VND","813901","Phí nộp, lĩnh tiền mặt","'D","9497888                ","0                      ","0     ","0                      ","0     ","0                      ","9497888                ","0                      "
"7808","VND","813909","Chi khác","'D","3235516                ","0                      ","0     ","0                      ","0     ","0                      ","3235516                ","0                      "
"7808","VND","816   ","Chi phí hoa hồng môi giới","'D","92257899               ","0                      ","1     ","1104081                ","0     ","0                      ","93361980               ","0                      "
"7808","VND","8160  ","Chi phí hoa hồng môi giới","'D","92257899               ","0                      ","1     ","1104081                ","0     ","0                      ","93361980               ","0                      "
"7808","VND","816002","Chi phí hoa hồng cho vay","'D","92257899               ","0                      ","1     ","1104081                ","0     ","0                      ","93361980               ","0                      "
"7808","VND","819   ","Chi khác","'D","432500                 ","0                      ","0     ","0                      ","0     ","0                      ","432500                 ","0                      "
"7808","VND","8190  ","Chi khác","'D","432500                 ","0                      ","0     ","0                      ","0     ","0                      ","432500                 ","0                      "
"7808","VND","819009","Chi khác","'D","432500                 ","0                      ","0     ","0                      ","0     ","0                      ","432500                 ","0                      "
"7808","VND","82    ","Chi phí  hoạt động kinh doanh ngoại hối","'D","88340                  ","0                      ","0     ","0                      ","0     ","0                      ","88340                  ","0                      "
"7808","VND","821   ","Chi về kinh doanh ngoại tệ","'D","88340                  ","0                      ","0     ","0                      ","0     ","0                      ","88340                  ","0                      "
"7808","VND","8210  ","Chi về kinh doanh ngoại tệ","'D","88340                  ","0                      ","0     ","0                      ","0     ","0                      ","88340                  ","0                      "
"7808","VND","821001","Chi về kinh doanh ngoại tệ","'D","88340                  ","0                      ","0     ","0                      ","0     ","0                      ","88340                  ","0                      "
"7808","VND","83    ","Chi nộp thuế và các khoản phí, lệ phí","'D","2612000                ","0                      ","0     ","0                      ","0     ","0                      ","2612000                ","0                      "
"7808","VND","832   ","Chi nộp các khoản phí , lệ phí","'D","2612000                ","0                      ","0     ","0                      ","0     ","0                      ","2612000                ","0                      "
"7808","VND","8320  ","Chi nộp các khoản phí , lệ phí","'D","2612000                ","0                      ","0     ","0                      ","0     ","0                      ","2612000                ","0                      "
"7808","VND","832001","Chi nộp các khoản phí , lệ phí","'D","2612000                ","0                      ","0     ","0                      ","0     ","0                      ","2612000                ","0                      "
"7808","VND","84    ","Chi phí hoạt động kinh doanh khác","'D","181782827              ","0                      ","0     ","0                      ","0     ","0                      ","181782827              ","0                      "
"7808","VND","849   ","Chi về hoạt động kinh doanh khác","'D","181782827              ","0                      ","0     ","0                      ","0     ","0                      ","181782827              ","0                      "
"7808","VND","8490  ","Chi về hoạt động kinh doanh khác","'D","181782827              ","0                      ","0     ","0                      ","0     ","0                      ","181782827              ","0                      "
"7808","VND","849003","Chi điều tiết nội bộ từ các khoản chi hộ phí dịch v","'D","181782827              ","0                      ","0     ","0                      ","0     ","0                      ","181782827              ","0                      "
"7808","VND","85    ","Chi  phí cho nhân viên","'D","1125713080             ","0                      ","0     ","0                      ","0     ","0                      ","1125713080             ","0                      "
"7808","VND","851   ","Lương và phụ cấp","'D","900885725              ","0                      ","0     ","0                      ","0     ","0                      ","900885725              ","0                      "
"7808","VND","8511  ","Lương và phụ cấp lương","'D","900885725              ","0                      ","0     ","0                      ","0     ","0                      ","900885725              ","0                      "
"7808","VND","851101","Lương và phụ cấp lương cơ bản","'D","515085725              ","0                      ","0     ","0                      ","0     ","0                      ","515085725              ","0                      "
"7808","VND","851102","Thù lao theo hiệu quả công việc","'D","385800000              ","0                      ","0     ","0                      ","0     ","0                      ","385800000              ","0                      "
"7808","VND","852   ","Chi trang phục giao dịch và phương tiện bảo hộ lao ","'D","55000000               ","0                      ","0     ","0                      ","0     ","0                      ","55000000               ","0                      "
"7808","VND","8520  ","Chi trang phục giao dịch và phương tiện bảo hộ lao ","'D","55000000               ","0                      ","0     ","0                      ","0     ","0                      ","55000000               ","0                      "
"7808","VND","852001","Chi trang phục giao dịch và phương tiện bảo hộ lao ","'D","55000000               ","0                      ","0     ","0                      ","0     ","0                      ","55000000               ","0                      "
"7808","VND","853   ","Các khoản chi để đóng góp theo lương","'D","121126068              ","0                      ","0     ","0                      ","0     ","0                      ","121126068              ","0                      "
"7808","VND","8531  ","Nộp bảo hiểm xã hội","'D","90200268               ","0                      ","0     ","0                      ","0     ","0                      ","90200268               ","0                      "
"7808","VND","853101","Nộp bảo hiểm xã hội","'D","90200268               ","0                      ","0     ","0                      ","0     ","0                      ","90200268               ","0                      "
"7808","VND","8532  ","Nộp bảo hiểm y tế","'D","15462900               ","0                      ","0     ","0                      ","0     ","0                      ","15462900               ","0                      "
"7808","VND","853201","Nộp bảo hiểm y tế","'D","15462900               ","0                      ","0     ","0                      ","0     ","0                      ","15462900               ","0                      "
"7808","VND","8534  ","Nộp kinh phí công đoàn","'D","10308600               ","0                      ","0     ","0                      ","0     ","0                      ","10308600               ","0                      "
"7808","VND","853401","Nộp kinh phí công đoàn","'D","10308600               ","0                      ","0     ","0                      ","0     ","0                      ","10308600               ","0                      "
"7808","VND","8539  ","Các khoản chi đóng góp khác theo chế độ","'D","5154300                ","0                      ","0     ","0                      ","0     ","0                      ","5154300                ","0                      "
"7808","VND","853901","Các khoản chi đóng góp khác theo chế độ","'D","5154300                ","0                      ","0     ","0                      ","0     ","0                      ","5154300                ","0                      "
"7808","VND","856   ","Chi ăn ca cho cán bộ, nhân viên","'D","44511287               ","0                      ","0     ","0                      ","0     ","0                      ","44511287               ","0                      "
"7808","VND","8560  ","Chi ăn ca cho cán bộ, nhân viên","'D","44511287               ","0                      ","0     ","0                      ","0     ","0                      ","44511287               ","0                      "
"7808","VND","856001","Chi ăn ca cho cán bộ, nhân viên","'D","44511287               ","0                      ","0     ","0                      ","0     ","0                      ","44511287               ","0                      "
"7808","VND","859   ","Chi khác cho cán bộ, nhân viên","'D","4190000                ","0                      ","0     ","0                      ","0     ","0                      ","4190000                ","0                      "
"7808","VND","8590  ","Chi khác cho cán bộ, nhân viên","'D","4190000                ","0                      ","0     ","0                      ","0     ","0                      ","4190000                ","0                      "
"7808","VND","859009","Chi khác cho cán bộ, nhân viên","'D","4190000                ","0                      ","0     ","0                      ","0     ","0                      ","4190000                ","0                      "
"7808","VND","86    ","Chi cho hoạt động quản lý và công vụ","'D","331784901              ","0                      ","1     ","8000000                ","0     ","0                      ","339784901              ","0                      "
"7808","VND","861   ","Chi về vật liệu và giấy tờ in","'D","49638061               ","0                      ","0     ","0                      ","0     ","0                      ","49638061               ","0                      "
"7808","VND","8611  ","Vật liệu văn phòng","'D","27917500               ","0                      ","0     ","0                      ","0     ","0                      ","27917500               ","0                      "
"7808","VND","861101","Vật liệu văn phòng","'D","27917500               ","0                      ","0     ","0                      ","0     ","0                      ","27917500               ","0                      "
"7808","VND","8612  ","Giấy tờ in","'D","1348000                ","0                      ","0     ","0                      ","0     ","0                      ","1348000                ","0                      "
"7808","VND","861201","Giấy tờ in","'D","1348000                ","0                      ","0     ","0                      ","0     ","0                      ","1348000                ","0                      "
"7808","VND","8613  ","Vật mang tin","'D","1157273                ","0                      ","0     ","0                      ","0     ","0                      ","1157273                ","0                      "
"7808","VND","861301","Vật mang tin","'D","1157273                ","0                      ","0     ","0                      ","0     ","0                      ","1157273                ","0                      "
"7808","VND","8614  ","Xăng dầu","'D","15765288               ","0                      ","0     ","0                      ","0     ","0                      ","15765288               ","0                      "
"7808","VND","861401","Xăng dầu","'D","15765288               ","0                      ","0     ","0                      ","0     ","0                      ","15765288               ","0                      "
"7808","VND","8619  ","Vật liệu khác","'D","3450000                ","0                      ","0     ","0                      ","0     ","0                      ","3450000                ","0                      "
"7808","VND","861901","Vật liệu khác","'D","3450000                ","0                      ","0     ","0                      ","0     ","0                      ","3450000                ","0                      "
"7808","VND","862   ","Công tác phí","'D","65531600               ","0                      ","0     ","0                      ","0     ","0                      ","65531600               ","0                      "
"7808","VND","8620  ","Công tác phí","'D","65531600               ","0                      ","0     ","0                      ","0     ","0                      ","65531600               ","0                      "
"7808","VND","862001","Công tác phí","'D","65531600               ","0                      ","0     ","0                      ","0     ","0                      ","65531600               ","0                      "
"7808","VND","865   ","Chi bưu phí và điện thoại","'D","25040645               ","0                      ","0     ","0                      ","0     ","0                      ","25040645               ","0                      "
"7808","VND","8650  ","Chi bưu phí và điện thoại","'D","25040645               ","0                      ","0     ","0                      ","0     ","0                      ","25040645               ","0                      "
"7808","VND","865001","Chi bưu phí và điện thoại","'D","25040645               ","0                      ","0     ","0                      ","0     ","0                      ","25040645               ","0                      "
"7808","VND","866   ","Chi xuất bản tài liệu, tuyên truyền, quảng cáo, tiế","'D","30335600               ","0                      ","0     ","0                      ","0     ","0                      ","30335600               ","0                      "
"7808","VND","8660  ","Chi xuất bản tài liệu, tuyên truyền, quảng cáo, tiế","'D","30335600               ","0                      ","0     ","0                      ","0     ","0                      ","30335600               ","0                      "
"7808","VND","866001","Chi xuất bản tài liệu, tuyên truyền, quảng cáo, tiế","'D","30335600               ","0                      ","0     ","0                      ","0     ","0                      ","30335600               ","0                      "
"7808","VND","868   ","Chi về các hoạt động đoàn thể của Tổ chức tín dụng ","'D","17772280               ","0                      ","0     ","0                      ","0     ","0                      ","17772280               ","0                      "
"7808","VND","8680  ","Chi về các hoạt động đoàn thể của Tổ chức tín dụng ","'D","17772280               ","0                      ","0     ","0                      ","0     ","0                      ","17772280               ","0                      "
"7808","VND","868001","Chi về các hoạt động đoàn thể ","'D","17772280               ","0                      ","0     ","0                      ","0     ","0                      ","17772280               ","0                      "
"7808","VND","869   ","Các khoản chi phí quản lý khác","'D","143466715              ","0                      ","1     ","8000000                ","0     ","0                      ","151466715              ","0                      "
"7808","VND","8691  ","Điện, nước, vệ sinh cơ quan","'D","17627933               ","0                      ","0     ","0                      ","0     ","0                      ","17627933               ","0                      "
"7808","VND","869101","Điện, nước, vệ sinh cơ quan","'D","17627933               ","0                      ","0     ","0                      ","0     ","0                      ","17627933               ","0                      "
"7808","VND","8693  ","Hội nghị","'D","13916000               ","0                      ","0     ","0                      ","0     ","0                      ","13916000               ","0                      "
"7808","VND","869301","Hội nghị","'D","13916000               ","0                      ","0     ","0                      ","0     ","0                      ","13916000               ","0                      "
"7808","VND","8694  ","Lễ tân, khánh tiết","'D","55711790               ","0                      ","0     ","0                      ","0     ","0                      ","55711790               ","0                      "
"7808","VND","869401","Lễ tân, khánh tiết","'D","55711790               ","0                      ","0     ","0                      ","0     ","0                      ","55711790               ","0                      "
"7808","VND","8699  ","Các khoản chi khác","'D","56210992               ","0                      ","1     ","8000000                ","0     ","0                      ","64210992               ","0                      "
"7808","VND","869909","Các khoản chi khác","'D","56210992               ","0                      ","1     ","8000000                ","0     ","0                      ","64210992               ","0                      "
"7808","VND","87    ","Chi về tài sản ","'D","571500354              ","0                      ","0     ","0                      ","8     ","95327471               ","476172883              ","0                      "
"7808","VND","871   ","Khấu hao cơ bản tài sản cố định","'D","240154139              ","0                      ","0     ","0                      ","0     ","0                      ","240154139              ","0                      "
"7808","VND","8710  ","Khấu hao cơ bản tài sản cố định","'D","240154139              ","0                      ","0     ","0                      ","0     ","0                      ","240154139              ","0                      "
"7808","VND","871001","Khấu hao cơ bản tài sản cố định","'D","240154139              ","0                      ","0     ","0                      ","0     ","0                      ","240154139              ","0                      "
"7808","VND","872   ","Bảo dưỡng và sửa chữa tài sản","'D","109839600              ","0                      ","0     ","0                      ","0     ","0                      ","109839600              ","0                      "
"7808","VND","8720  ","Bảo dưỡng và sửa chữa tài sản","'D","109839600              ","0                      ","0     ","0                      ","0     ","0                      ","109839600              ","0                      "
"7808","VND","872002","Sửa chữa thường xuyên, xây dựng nhỏ tài sản","'D","109839600              ","0                      ","0     ","0                      ","0     ","0                      ","109839600              ","0                      "
"7808","VND","874   ","Mua sắm công cụ lao động","'D","200002180              ","0                      ","0     ","0                      ","8     ","95327471               ","104674709              ","0                      "
"7808","VND","8740  ","Mua sắm công cụ lao động","'D","200002180              ","0                      ","0     ","0                      ","8     ","95327471               ","104674709              ","0                      "
"7808","VND","874001","Mua sắm công cụ lao động","'D","200002180              ","0                      ","0     ","0                      ","8     ","95327471               ","104674709              ","0                      "
"7808","VND","875   ","Chi bảo hiểm tài sản","'D","21504435               ","0                      ","0     ","0                      ","0     ","0                      ","21504435               ","0                      "
"7808","VND","8750  ","Chi bảo hiểm tài sản","'D","21504435               ","0                      ","0     ","0                      ","0     ","0                      ","21504435               ","0                      "
"7808","VND","875001","Chi bảo hiểm tài sản","'D","21504435               ","0                      ","0     ","0                      ","0     ","0                      ","21504435               ","0                      "
"7808","VND","88    ","Chi phí dự phòng, bảo toàn và bảo hiểm tiền gửi của","'D","40631636               ","0                      ","1     ","108541644              ","0     ","0                      ","149173280              ","0                      "
"7808","VND","882   ","Chi dự phòng","'D","40631636               ","0                      ","1     ","108541644              ","0     ","0                      ","149173280              ","0                      "
"7808","VND","8822  ","Chi dự phòng Nợ phải thu khó đòi","'D","40631636               ","0                      ","1     ","108541644              ","0     ","0                      ","149173280              ","0                      "
"7808","VND","882201","Chi dự phòng Nợ phải thu khó đòi thông thường","'D","40631636               ","0                      ","1     ","108541644              ","0     ","0                      ","149173280              ","0                      "
"7808","VND","89    ","Chi phí khác","'D","433164747              ","0                      ","0     ","0                      ","741   ","331164747              ","102000000              ","0                      "
"7808","VND","891   ","Chi công tác xã hội","'D","102000000              ","0                      ","0     ","0                      ","0     ","0                      ","102000000              ","0                      "
"7808","VND","8910  ","Chi công tác xã hội","'D","102000000              ","0                      ","0     ","0                      ","0     ","0                      ","102000000              ","0                      "
"7808","VND","891001","Chi công tác xã hội","'D","102000000              ","0                      ","0     ","0                      ","0     ","0                      ","102000000              ","0                      "
"7808","VND","899   ","Chi phí khác theo chế độ tài chính","'D","331164747              ","0                      ","0     ","0                      ","741   ","331164747              ","0                      ","0                      "
"7808","VND","8990  ","Chi bất thường","'D","331164747              ","0                      ","0     ","0                      ","741   ","331164747              ","0                      ","0                      "
"7808","VND","899002","Lãi dự thu kỳ trước","'D","331164747              ","0                      ","0     ","0                      ","741   ","331164747              ","0                      ","0                      "
"7808","VND","9     ","Các tài khoản ngoài bảng cân đối kê toán","'C","0                      ","69505872722            ","0     ","0                      ","8     ","705068284              ","0                      ","70210941006            "
"7808","VND","92    ","Các văn bản, chứng từ cam kết đưa ra","'C","0                      ","2126815893             ","0     ","0                      ","0     ","0                      ","0                      ","2126815893             "
"7808","VND","926   ","Cam kết bảo lãnh thực hiện hợp đồng","'C","0                      ","53427000               ","0     ","0                      ","0     ","0                      ","0                      ","53427000               "
"7808","VND","9260  ","Cam kết bảo lãnh thực hiện hợp đồng","'C","0                      ","53427000               ","0     ","0                      ","0     ","0                      ","0                      ","53427000               "
"7808","VND","926001","Cam kết bảo lãnh thực hiện hợp đồng","'C","0                      ","53427000               ","0     ","0                      ","0     ","0                      ","0                      ","53427000               "
"7808","VND","928   ","Cam kết bảo lãnh khác","'C","0                      ","2073388893             ","0     ","0                      ","0     ","0                      ","0                      ","2073388893             "
"7808","VND","9280  ","Cam kết bảo lãnh khác","'C","0                      ","2073388893             ","0     ","0                      ","0     ","0                      ","0                      ","2073388893             "
"7808","VND","928001","Cam kết bảo lãnh khác","'C","0                      ","2073388893             ","0     ","0                      ","0     ","0                      ","0                      ","2073388893             "
"7808","VND","94    ","Lãi cho vay và phí phải thu chưa thu được","'C","0                      ","0                      ","0     ","0                      ","2     ","213691254              ","0                      ","213691254              "
"7808","VND","941   ","Lãi cho vay chưa thu được","'C","0                      ","0                      ","0     ","0                      ","2     ","213691254              ","0                      ","213691254              "
"7808","VND","9410  ","Lãi cho vay chưa thu được","'C","0                      ","0                      ","0     ","0                      ","2     ","213691254              ","0                      ","213691254              "
"7808","VND","941001","Lãi cho vay ngắn hạn chưa thu được","'C","0                      ","0                      ","0     ","0                      ","1     ","269417                 ","0                      ","269417                 "
"7808","VND","941003","Lãi cho vay trung, dài hạn chưa thu được ","'C","0                      ","0                      ","0     ","0                      ","1     ","213421837              ","0                      ","213421837              "
"7808","VND","97    ","Nợ khó đòi đã xử lý","'C","0                      ","686982863              ","0     ","0                      ","6     ","491377030              ","0                      ","1178359893             "
"7808","VND","971   ","Nợ bị tổn thất đang trong thời gian theo dõi","'C","0                      ","686982863              ","0     ","0                      ","6     ","491377030              ","0                      ","1178359893             "
"7808","VND","9711  ","Nợ gốc bị tổn thất đang trong thời gian theo dõi","'C","0                      ","656159987              ","0     ","0                      ","0     ","0                      ","0                      ","656159987              "
"7808","VND","971101","Nợ gốc CV ngắn hạn thông thường đã xử lý rủi ro","'C","0                      ","97154608               ","0     ","0                      ","0     ","0                      ","0                      ","97154608               "
"7808","VND","971103","Nợ gốc CV trung hạn thông thường đã xử lý rủi ro","'C","0                      ","559005379              ","0     ","0                      ","0     ","0                      ","0                      ","559005379              "
"7808","VND","9712  ","Nợ lãi bị tổn thất đang trong thời gian theo dõi","'C","0                      ","30822876               ","0     ","0                      ","6     ","491377030              ","0                      ","522199906              "
"7808","VND","971201","Nợ lãi CV ngắn hạn thông thuờng đã xử lý rủi ro","'C","0                      ","30822876               ","0     ","0                      ","4     ","45676151               ","0                      ","76499027               "
"7808","VND","971203"," Nợ lãi CV trung hạn TT đã xử lý rủi ro","'C","0                      ","0                      ","0     ","0                      ","2     ","445700879              ","0                      ","445700879              "
"7808","VND","99    ","Tài sản và chứng từ khác","'C","0                      ","66692073966            ","0     ","0                      ","0     ","0                      ","0                      ","66692073966            "
"7808","VND","992   ","Tài sản khác giữ hộ","'C","0                      ","3                      ","0     ","0                      ","0     ","0                      ","0                      ","3                      "
"7808","VND","9920  ","Tài sản khác giữ hộ","'C","0                      ","3                      ","0     ","0                      ","0     ","0                      ","0                      ","3                      "
"7808","VND","992001","Tài sản khác giữ hộ","'C","0                      ","3                      ","0     ","0                      ","0     ","0                      ","0                      ","3                      "
"7808","VND","994   ","Tài sản,GTCG của KH đưa thế chấp Ccố, CK,TCK","'C","0                      ","66692073900            ","0     ","0                      ","0     ","0                      ","0                      ","66692073900            "
"7808","VND","9940  ","Tài sản,GTCG của KH đưa thế chấp, cầm cố và CK,TCK ","'C","0                      ","66692073900            ","0     ","0                      ","0     ","0                      ","0                      ","66692073900            "
"7808","VND","994001","Tài sản, giấy tờ có giá của khách hàng đưa thế chấp","'C","0                      ","65747073900            ","0     ","0                      ","0     ","0                      ","0                      ","65747073900            "
"7808","VND","994003","Tài sản, giấy tờ có giá của khách hàng đưa cầm cố","'C","0                      ","945000000              ","0     ","0                      ","0     ","0                      ","0                      ","945000000              "
"7808","VND","994009","Tài sản thế chấp hình thành trong tương lai","'C","0                      ","0                      ","0     ","0                      ","0     ","0                      ","0                      ","0                      "
"7808","VND","999   ","Các chứng từ có giá trị khác đang bảo quản","'C","0                      ","63                     ","0     ","0                      ","0     ","0                      ","0                      ","63                     "
"7808","VND","9990  ","Các chứng từ có giá trị khác đang bảo quản","'C","0                      ","63                     ","0     ","0                      ","0     ","0                      ","0                      ","63                     "
"7808","VND","999001","Tài sản giữ để cho vay tín chấp","'C","0                      ","63                     ","0     ","0                      ","0     ","0                      ","0                      ","63                     "
